Student_ID,Course_Name,Login_Frequency,Videos_Watched,Assignments_Completed,Time_Spent_Hours,Quiz_Score,Discussion_Posts,Attendance_Rate,Last_Login_Date,Engagement_Score,Engagement_Level,Completion_Status
STU0001,Python Programming,7,29,14,88.4,95,20,49.4,2026-01-17,125.9,High,In Progress
STU0002,Data Analytics,19,23,10,56.2,58,2,41.2,2025-11-25,90.0,Medium,In Progress
STU0003,SQL,2,24,11,112.7,36,20,77.0,2026-02-23,121.7,High,Completed
STU0004,Power BI,26,22,12,53.0,83,9,42.8,2026-05-04,121.0,High,In Progress
STU0005,Power BI,28,16,14,55.8,81,18,62.9,2026-01-25,156.25,High,In Progress
STU0006,Machine Learning,20,3,4,73.7,55,8,43.9,2026-03-20,80.85,Medium,Dropped
STU0007,Python Programming,4,25,11,68.5,43,20,53.9,2026-01-13,113.45,High,In Progress
STU0008,Python Programming,28,47,11,16.4,42,14,50.4,2026-03-21,142.3,High,In Progress
STU0009,Cloud Computing,17,36,1,80.2,36,5,52.5,2025-11-17,75.55,Medium,Dropped
STU0010,Data Analytics,4,29,14,101.4,78,1,63.7,2026-03-06,90.55,High,In Progress
STU0011,Data Analytics,4,14,14,110.8,96,7,90.7,2025-12-10,111.55,High,Completed
STU0012,Python Programming,13,18,14,99.8,60,24,56.9,2025-12-01,143.35,High,In Progress
STU0013,Power BI,28,45,8,37.0,79,0,40.9,2026-03-08,99.95,High,In Progress
STU0014,Power BI,9,24,0,25.4,97,10,51.9,2026-02-07,66.65,Medium,Dropped
STU0015,Data Analytics,8,35,2,93.0,39,9,61.5,2026-01-30,77.25,Medium,Dropped
STU0016,Power BI,9,28,6,102.3,46,1,45.7,2026-03-04,64.75,Medium,In Progress
STU0017,Cloud Computing,23,23,13,40.4,78,7,56.5,2026-01-11,122.65,High,In Progress
STU0018,Power BI,3,1,2,16.1,37,0,83.3,2026-01-14,52.45,Low,Dropped
STU0019,AI Fundamentals,23,14,6,6.8,49,9,66.4,2025-11-25,107.9,High,In Progress
STU0020,SQL,19,32,6,58.1,38,4,55.0,2026-04-19,91.6,High,In Progress
STU0021,Data Analytics,13,15,10,26.0,47,6,57.4,2025-12-21,94.7,High,In Progress
STU0022,Machine Learning,22,28,1,75.7,96,24,46.3,2026-04-08,115.55,High,Dropped
STU0023,Cloud Computing,28,28,11,24.0,64,10,59.5,2026-05-05,133.15,High,In Progress
STU0024,Web Development,23,28,8,39.5,35,24,78.9,2026-02-15,154.35,High,In Progress
STU0025,SQL,25,13,8,38.0,61,8,69.1,2026-03-25,115.95,High,In Progress
STU0026,Machine Learning,1,42,11,30.8,93,21,53.1,2026-04-28,115.65,High,In Progress
STU0027,Power BI,24,41,3,44.9,92,19,54.8,2025-12-01,122.7,High,Dropped
STU0028,Web Development,7,2,2,37.5,90,16,56.0,2025-11-30,77.1,Medium,Dropped
STU0029,Python Programming,2,2,11,8.1,35,18,80.8,2026-01-15,113.0,High,Completed
STU0030,Python Programming,21,44,9,118.3,66,22,80.3,2026-03-28,155.85,High,In Progress
STU0031,Cloud Computing,11,17,14,96.8,45,15,87.9,2026-01-10,137.55,High,Completed
STU0032,Python Programming,9,6,12,103.3,93,3,41.0,2026-03-05,77.8,Medium,In Progress
STU0033,Web Development,3,19,3,78.1,86,8,81.5,2026-04-24,75.95,Medium,Dropped
STU0034,Web Development,7,18,7,18.2,91,24,52.5,2025-12-17,111.15,High,In Progress
STU0035,SQL,10,35,6,79.9,94,16,54.5,2026-03-30,102.75,High,In Progress
STU0036,Data Analytics,16,12,4,108.2,43,8,61.0,2026-02-21,86.1,Medium,Dropped
STU0037,AI Fundamentals,16,16,2,103.0,88,23,93.3,2026-01-24,127.45,High,Dropped
STU0038,Python Programming,20,11,0,21.1,72,7,76.4,2025-12-02,85.5,Medium,Dropped
STU0039,Cloud Computing,3,48,13,112.9,59,17,49.6,2025-12-02,116.7,High,In Progress
STU0040,Python Programming,18,2,5,54.9,95,8,50.6,2026-02-17,83.9,Medium,In Progress
STU0041,SQL,4,33,13,40.4,54,23,79.0,2026-04-21,140.4,High,Completed
STU0042,Web Development,7,3,0,38.4,82,11,70.5,2026-05-09,68.65,Medium,Dropped
STU0043,Power BI,22,22,13,71.6,85,21,94.4,2026-01-30,167.8,High,Completed
STU0044,Python Programming,27,34,4,61.3,62,14,69.6,2026-04-15,125.5,High,Dropped
STU0045,Data Analytics,5,48,2,69.5,98,16,42.6,2026-03-10,81.2,Medium,Dropped
STU0046,Power BI,12,28,13,114.6,40,2,84.9,2026-02-20,111.85,High,Completed
STU0047,SQL,5,24,12,52.5,87,2,98.8,2026-02-01,104.1,High,Completed
STU0048,Python Programming,20,21,6,33.7,52,24,63.7,2026-04-24,134.15,High,In Progress
STU0049,Power BI,22,3,7,10.3,66,14,99.4,2026-05-10,132.6,High,In Progress
STU0050,Python Programming,2,27,9,105.5,51,7,81.8,2026-03-29,93.0,High,In Progress
STU0051,Cloud Computing,11,48,6,36.6,60,2,55.4,2025-12-24,80.6,Medium,In Progress
STU0052,SQL,24,13,11,62.3,91,3,87.9,2025-12-26,122.85,High,Completed
STU0053,AI Fundamentals,1,8,13,95.9,49,1,45.6,2025-12-09,67.7,Medium,In Progress
STU0054,Web Development,23,22,2,56.9,97,21,75.4,2026-04-29,126.8,High,Dropped
STU0055,Machine Learning,22,49,3,6.6,49,21,72.2,2026-03-07,134.8,High,Dropped
STU0056,Web Development,5,33,7,92.9,39,6,45.1,2025-11-11,72.95,Medium,In Progress
STU0057,Web Development,13,32,3,50.5,89,7,83.6,2026-03-28,93.9,High,Dropped
STU0058,Power BI,13,42,13,6.8,97,18,66.3,2026-04-29,140.25,High,In Progress
STU0059,SQL,23,26,4,23.8,96,22,65.7,2025-11-11,131.15,High,Dropped
STU0060,Python Programming,12,1,9,110.0,68,21,82.9,2026-02-24,128.75,High,In Progress
STU0061,Machine Learning,8,45,4,77.3,95,6,79.4,2025-12-15,89.2,Medium,Dropped
STU0062,Power BI,5,22,12,51.5,60,15,49.5,2026-04-22,104.85,High,In Progress
STU0063,Machine Learning,22,29,13,12.8,81,16,58.7,2026-03-23,142.05,High,In Progress
STU0064,AI Fundamentals,20,5,11,4.0,82,20,68.4,2025-12-02,138.7,High,In Progress
STU0065,Cloud Computing,1,30,4,49.0,44,21,78.1,2026-03-07,103.55,High,Dropped
STU0066,SQL,2,31,9,75.9,92,0,72.4,2026-03-10,75.5,Medium,In Progress
STU0067,Power BI,13,4,7,113.4,36,16,92.0,2025-11-09,119.7,High,In Progress
STU0068,Web Development,27,20,7,81.9,69,0,67.5,2026-01-22,101.25,High,In Progress
STU0069,Data Analytics,19,43,4,75.9,99,0,79.1,2026-01-30,92.95,High,Dropped
STU0070,Power BI,11,44,12,10.2,80,1,42.3,2026-01-30,88.85,Medium,In Progress
STU0071,Data Analytics,18,35,6,10.4,42,9,41.4,2025-11-09,94.2,High,In Progress
STU0072,Web Development,2,41,6,15.9,63,23,84.1,2025-12-20,121.35,High,In Progress
STU0073,Cloud Computing,21,36,9,52.0,58,2,99.4,2026-03-15,123.0,High,In Progress
STU0074,SQL,16,36,1,31.5,58,22,95.8,2026-03-06,129.7,High,Dropped
STU0075,Python Programming,5,12,0,82.2,57,24,54.3,2025-12-14,86.25,Medium,Dropped
STU0076,Power BI,17,49,13,60.6,47,18,63.4,2026-02-11,146.9,High,In Progress
STU0077,Web Development,12,41,2,12.8,62,13,80.6,2026-03-17,102.6,High,Dropped
STU0078,Power BI,20,19,9,76.6,46,24,73.2,2026-03-13,147.3,High,In Progress
STU0079,AI Fundamentals,21,36,4,95.4,91,6,45.5,2026-01-16,89.05,Medium,Dropped
STU0080,Cloud Computing,10,39,13,66.8,39,2,93.3,2026-02-03,116.35,High,Completed
STU0081,AI Fundamentals,11,11,1,116.3,43,9,90.2,2026-01-13,85.9,Medium,Dropped
STU0082,Machine Learning,17,38,6,52.3,74,9,63.8,2026-01-25,104.8,High,In Progress
STU0083,SQL,27,2,4,62.6,72,18,74.9,2026-03-08,126.55,High,Dropped
STU0084,Machine Learning,13,1,5,97.9,79,3,61.0,2026-01-21,71.3,Medium,In Progress
STU0085,Power BI,28,31,2,93.7,88,6,65.5,2025-12-27,102.05,High,Dropped
STU0086,SQL,26,19,6,53.3,79,12,64.3,2025-12-07,118.85,High,In Progress
STU0087,Cloud Computing,26,20,11,92.5,73,0,80.9,2025-11-23,118.45,High,Completed
STU0088,Cloud Computing,28,49,8,104.5,72,20,97.8,2026-01-23,169.6,High,In Progress
STU0089,Web Development,12,45,12,7.1,55,15,71.7,2026-03-14,133.35,High,Completed
STU0090,Power BI,11,37,3,67.4,54,24,71.4,2025-11-18,120.3,High,Dropped
STU0091,Machine Learning,9,49,13,36.8,35,20,81.8,2026-03-05,148.1,High,Completed
STU0092,AI Fundamentals,3,16,6,7.4,46,9,97.0,2025-11-28,93.8,High,In Progress
STU0093,Python Programming,8,38,11,14.6,42,3,67.8,2026-01-09,96.3,High,In Progress
STU0094,Data Analytics,26,28,11,44.5,98,21,41.9,2026-05-03,143.35,High,In Progress
STU0095,Python Programming,9,33,4,98.0,63,12,94.7,2025-11-14,106.75,High,Dropped
STU0096,Machine Learning,29,6,1,51.2,81,24,65.1,2025-11-29,128.85,High,Dropped
STU0097,Machine Learning,24,30,1,67.1,39,22,64.7,2025-12-09,124.35,High,Dropped
STU0098,Cloud Computing,22,1,1,118.5,83,10,75.6,2026-05-05,94.1,High,Dropped
STU0099,Python Programming,25,22,10,101.4,67,1,42.2,2025-12-07,97.2,High,In Progress
STU0100,Cloud Computing,1,21,6,104.0,39,5,94.8,2026-03-19,83.2,Medium,In Progress
STU0101,Cloud Computing,23,37,4,113.5,51,20,67.0,2025-11-23,131.1,High,Dropped
STU0102,AI Fundamentals,14,1,2,34.4,38,0,80.3,2025-11-30,67.45,Medium,Dropped
STU0103,SQL,2,28,14,15.4,60,1,68.6,2026-03-12,89.7,Medium,In Progress
STU0104,Data Analytics,3,12,0,67.1,39,24,75.4,2026-03-16,93.8,High,Dropped
STU0105,Python Programming,15,23,14,94.6,48,1,88.3,2026-05-10,117.55,High,Completed
STU0106,SQL,7,38,11,117.7,84,1,78.2,2026-03-21,96.0,High,Completed
STU0107,Web Development,15,27,2,108.7,86,24,70.8,2025-12-29,120.0,High,Dropped
STU0108,Python Programming,24,15,11,37.2,85,16,97.0,2026-04-21,154.0,High,Completed
STU0109,SQL,4,10,7,101.4,51,19,67.5,2026-01-26,101.75,High,In Progress
STU0110,Cloud Computing,2,6,4,43.0,77,15,60.5,2026-04-20,77.05,Medium,Dropped
STU0111,Machine Learning,15,23,6,71.0,50,7,50.8,2026-01-15,86.8,Medium,In Progress
STU0112,AI Fundamentals,4,25,2,105.2,61,17,76.1,2025-12-03,91.55,High,Dropped
STU0113,Data Analytics,19,19,4,21.9,76,21,45.3,2025-11-23,110.85,High,Dropped
STU0114,SQL,1,5,8,44.0,80,1,47.7,2026-04-19,52.85,Low,In Progress
STU0115,Machine Learning,26,45,10,6.6,81,24,81.3,2026-01-06,171.15,High,Completed
STU0116,Python Programming,24,30,10,110.7,95,16,56.6,2025-11-26,135.3,High,In Progress
STU0117,SQL,1,8,0,72.5,86,14,72.2,2026-05-06,68.0,Medium,Dropped
STU0118,Power BI,24,22,13,75.0,36,12,43.7,2026-03-07,127.45,High,In Progress
STU0119,Machine Learning,27,7,2,107.6,52,5,72.0,2025-11-10,94.6,High,Dropped
STU0120,Web Development,15,25,6,46.5,73,24,90.4,2026-03-21,141.2,High,In Progress
STU0121,Machine Learning,22,26,13,16.1,51,12,75.6,2026-03-12,141.6,High,Completed
STU0122,Data Analytics,4,10,2,78.6,52,14,75.1,2026-01-13,80.55,Medium,Dropped
STU0123,Web Development,22,34,14,90.0,76,8,60.2,2026-03-19,131.3,High,In Progress
STU0124,AI Fundamentals,20,26,1,30.8,93,12,59.8,2026-04-30,94.7,High,Dropped
STU0125,Data Analytics,25,33,4,14.0,38,10,45.3,2025-12-22,102.05,High,Dropped
STU0126,Python Programming,24,9,6,8.1,65,7,81.8,2025-12-14,111.6,High,In Progress
STU0127,Web Development,24,31,5,48.9,38,14,89.0,2026-01-12,132.8,High,In Progress
STU0128,SQL,17,30,7,87.3,96,24,83.1,2026-03-08,145.05,High,In Progress
STU0129,Power BI,11,8,9,35.0,78,4,51.2,2025-11-30,79.5,Medium,In Progress
STU0130,Data Analytics,22,4,2,25.5,54,16,71.8,2025-12-27,108.1,High,Dropped
STU0131,Power BI,1,26,13,36.1,71,10,95.9,2026-03-26,116.25,High,Completed
STU0132,Python Programming,13,43,2,8.1,84,23,48.1,2025-11-23,108.45,High,Dropped
STU0133,Python Programming,23,10,11,25.8,74,1,45.3,2026-03-18,95.15,High,In Progress
STU0134,AI Fundamentals,5,9,0,15.8,49,23,76.4,2026-02-07,94.4,High,Dropped
STU0135,Python Programming,3,30,14,111.7,96,11,64.5,2026-04-18,109.75,High,In Progress
STU0136,Machine Learning,21,11,8,26.2,69,0,84.5,2026-04-22,101.05,High,In Progress
STU0137,Machine Learning,22,29,7,99.7,48,2,49.9,2025-12-29,91.65,High,In Progress
STU0138,AI Fundamentals,5,19,10,76.8,96,3,59.0,2026-01-09,78.7,Medium,In Progress
STU0139,Machine Learning,10,25,1,98.4,73,7,62.6,2026-05-09,70.8,Medium,Dropped
STU0140,SQL,19,38,0,90.2,49,0,53.9,2026-04-24,66.85,Medium,Dropped
STU0141,Cloud Computing,1,47,6,64.8,87,7,53.7,2026-01-26,74.45,Medium,In Progress
STU0142,Power BI,7,6,5,41.3,85,7,81.6,2026-01-01,82.1,Medium,In Progress
STU0143,Power BI,20,15,14,75.2,61,3,99.9,2025-12-11,132.45,High,Completed
STU0144,SQL,25,33,12,31.3,89,0,42.0,2026-01-01,104.4,High,In Progress
STU0145,Cloud Computing,22,2,9,60.3,72,12,46.6,2026-02-28,107.9,High,In Progress
STU0146,Web Development,4,45,7,73.3,49,7,49.0,2025-12-01,79.0,Medium,In Progress
STU0147,AI Fundamentals,15,4,11,93.1,61,18,81.6,2025-11-21,133.5,High,Completed
STU0148,AI Fundamentals,4,26,10,72.7,54,10,97.5,2026-03-23,112.55,High,Completed
STU0149,Python Programming,8,38,5,49.3,81,13,76.9,2026-01-05,102.85,High,In Progress
STU0150,Power BI,26,13,7,61.7,94,10,95.9,2026-04-11,131.85,High,In Progress
STU0151,Power BI,4,48,3,95.2,71,7,79.1,2026-04-14,82.95,Medium,Dropped
STU0152,Python Programming,17,28,14,73.6,85,13,96.1,2026-04-30,149.95,High,Completed
STU0153,Web Development,22,11,6,16.5,55,13,51.2,2025-12-12,105.9,High,In Progress
STU0154,Data Analytics,23,1,14,38.8,74,14,63.9,2026-03-22,136.75,High,In Progress
STU0155,Power BI,9,9,9,96.7,60,8,46.9,2026-01-27,82.65,Medium,In Progress
STU0156,Power BI,20,25,9,110.5,36,6,60.8,2026-02-28,106.9,High,In Progress
STU0157,Data Analytics,2,27,0,71.3,93,11,94.8,2026-03-24,80.5,Medium,Dropped
STU0158,Python Programming,22,24,8,60.8,67,16,86.8,2026-02-27,139.6,High,In Progress
STU0159,Data Analytics,11,22,9,3.5,83,6,98.5,2026-03-02,111.35,High,In Progress
STU0160,Power BI,9,49,3,50.9,97,7,70.1,2026-04-01,86.25,Medium,Dropped
STU0161,Python Programming,1,32,12,48.9,85,23,93.9,2025-11-22,140.05,High,Completed
STU0162,Data Analytics,29,49,12,46.6,50,7,75.2,2026-03-11,145.8,High,Completed
STU0163,Web Development,1,14,2,55.5,72,18,49.3,2026-03-14,72.35,Medium,Dropped
STU0164,Python Programming,1,8,12,10.9,37,9,56.2,2026-05-01,86.0,Medium,In Progress
STU0165,Power BI,14,34,11,96.5,89,17,92.0,2026-03-29,144.2,High,Completed
STU0166,SQL,8,1,8,28.2,93,7,46.2,2026-04-25,73.4,Medium,In Progress
STU0167,AI Fundamentals,15,37,2,106.7,42,1,88.3,2025-12-02,85.75,Medium,Dropped
STU0168,Power BI,24,14,7,97.2,50,3,96.7,2026-04-19,115.55,High,In Progress
STU0169,Machine Learning,22,21,13,36.6,82,17,40.8,2025-12-24,132.7,High,In Progress
STU0170,AI Fundamentals,7,33,6,102.1,53,3,78.6,2026-04-26,83.7,Medium,In Progress
STU0171,Power BI,18,2,0,98.5,54,10,55.6,2026-02-14,75.4,Medium,Dropped
STU0172,AI Fundamentals,2,3,6,6.0,54,4,60.7,2026-03-12,60.25,Medium,In Progress
STU0173,Cloud Computing,9,34,4,36.7,58,16,92.1,2025-12-28,113.75,High,Dropped
STU0174,Power BI,24,46,6,96.4,48,8,72.5,2026-03-28,120.05,High,In Progress
STU0175,Python Programming,13,25,6,27.7,56,10,65.3,2026-02-21,97.65,High,In Progress
STU0176,Python Programming,26,29,12,83.6,71,10,89.4,2026-03-04,148.4,High,Completed
STU0177,Cloud Computing,21,42,3,60.8,68,16,64.3,2026-03-31,117.25,High,Dropped
STU0178,Web Development,6,12,6,14.6,61,24,56.0,2026-04-25,106.6,High,In Progress
STU0179,Cloud Computing,27,40,1,72.9,87,6,74.4,2026-03-06,104.7,High,Dropped
STU0180,Cloud Computing,17,26,4,47.2,80,1,50.0,2026-02-07,72.3,Medium,Dropped
STU0181,AI Fundamentals,11,1,2,12.7,60,20,90.2,2025-12-02,107.9,High,Dropped
STU0182,Data Analytics,11,36,0,87.1,88,1,63.8,2026-03-20,61.2,Medium,Dropped
STU0183,Python Programming,24,22,4,59.1,70,14,55.7,2026-04-14,110.45,High,Dropped
STU0184,Data Analytics,3,43,0,60.6,60,1,46.4,2025-12-21,42.6,Low,Dropped
STU0185,Cloud Computing,9,40,0,50.7,95,10,75.9,2026-01-29,83.45,Medium,Dropped
STU0186,Web Development,25,39,2,98.7,78,18,56.3,2026-02-20,119.35,High,Dropped
STU0187,Python Programming,2,12,2,39.1,93,16,48.2,2025-12-18,68.7,Medium,Dropped
STU0188,Power BI,10,49,14,12.2,42,20,85.5,2026-02-24,154.45,High,Completed
STU0189,Power BI,5,16,5,117.7,46,14,81.6,2026-04-26,96.1,High,In Progress
STU0190,Power BI,9,45,9,6.7,44,15,95.5,2026-01-24,131.75,High,In Progress
STU0191,AI Fundamentals,23,26,4,57.8,41,13,47.2,2025-11-29,103.9,High,Dropped
STU0192,Machine Learning,7,9,2,111.1,93,22,87.7,2026-04-27,107.05,High,Dropped
STU0193,Cloud Computing,20,39,2,39.7,51,13,75.8,2026-05-10,111.6,High,Dropped
STU0194,Machine Learning,3,44,11,58.8,37,4,71.8,2025-12-06,94.6,High,Completed
STU0195,SQL,26,23,11,69.5,38,21,59.1,2026-01-14,150.45,High,In Progress
STU0196,AI Fundamentals,18,33,12,74.7,89,2,92.2,2026-04-08,123.0,High,Completed
STU0197,Power BI,27,13,12,47.3,73,13,61.0,2025-11-23,136.9,High,In Progress
STU0198,Python Programming,17,29,13,58.6,91,15,92.4,2025-11-15,149.4,High,Completed
STU0199,AI Fundamentals,15,10,13,51.3,39,0,54.3,2025-12-17,91.65,High,In Progress
STU0200,Python Programming,3,45,13,37.0,52,4,42.5,2026-05-01,86.25,Medium,In Progress
STU0201,Data Analytics,1,46,14,52.5,83,24,80.8,2026-01-02,145.7,High,Completed
STU0202,Data Analytics,12,37,12,32.6,73,23,93.1,2026-03-30,157.65,High,Completed
STU0203,Python Programming,24,11,13,74.4,59,6,99.5,2026-04-07,140.05,High,Completed
STU0204,Power BI,27,8,3,100.9,88,20,89.8,2026-03-28,136.8,High,Dropped
STU0205,Machine Learning,14,10,10,22.8,75,16,97.4,2026-04-27,134.7,High,Completed
STU0206,Cloud Computing,24,6,4,8.8,81,22,93.0,2026-05-01,140.3,High,Dropped
STU0207,AI Fundamentals,3,20,9,64.0,69,17,69.5,2026-03-10,106.25,High,In Progress
STU0208,AI Fundamentals,17,24,2,98.3,47,23,84.9,2026-04-15,127.15,High,Dropped
STU0209,Power BI,25,9,3,70.5,45,8,63.5,2026-04-14,96.95,High,Dropped
STU0210,Cloud Computing,27,28,12,106.9,59,1,91.7,2026-02-02,132.75,High,Completed
STU0211,Data Analytics,9,15,7,111.9,45,1,64.5,2026-03-06,73.25,Medium,In Progress
STU0212,Machine Learning,15,38,7,84.1,82,17,44.9,2026-03-28,111.35,High,In Progress
STU0213,Cloud Computing,28,48,12,107.5,74,12,68.8,2026-01-26,150.8,High,In Progress
STU0214,Data Analytics,29,3,7,80.1,74,12,56.0,2026-04-26,117.4,High,In Progress
STU0215,Cloud Computing,6,24,2,104.4,93,15,82.5,2026-02-10,93.45,High,Dropped
STU0216,SQL,11,45,8,111.8,97,5,51.4,2026-01-08,89.7,Medium,In Progress
STU0217,AI Fundamentals,5,43,12,104.9,65,22,40.3,2025-11-21,120.55,High,In Progress
STU0218,SQL,11,30,6,21.0,36,13,85.4,2026-03-16,112.2,High,In Progress
STU0219,Cloud Computing,12,39,1,35.9,80,16,73.6,2026-02-27,101.5,High,Dropped
STU0220,AI Fundamentals,8,31,1,76.8,69,15,46.4,2025-11-28,77.5,Medium,Dropped
STU0221,Machine Learning,7,10,8,115.6,97,14,95.9,2026-02-25,113.45,High,In Progress
STU0222,Power BI,29,22,3,22.5,98,16,86.3,2025-11-14,134.25,High,Dropped
STU0223,SQL,17,10,5,42.8,84,13,98.4,2026-03-02,118.7,High,In Progress
STU0224,Power BI,29,12,3,78.4,86,11,41.5,2026-04-09,98.85,High,Dropped
STU0225,Data Analytics,11,33,5,45.9,66,18,55.2,2026-04-26,105.0,High,In Progress
STU0226,Data Analytics,23,26,1,34.3,63,3,65.6,2026-03-22,84.1,Medium,Dropped
STU0227,Web Development,13,41,6,64.2,63,10,53.2,2026-04-06,96.4,High,In Progress
STU0228,Data Analytics,2,47,13,29.1,61,2,97.1,2026-02-24,108.65,High,Completed
STU0229,Data Analytics,12,28,12,113.3,93,19,63.9,2026-01-07,132.35,High,In Progress
STU0230,AI Fundamentals,25,5,2,38.8,92,5,53.8,2026-04-02,81.9,Medium,Dropped
STU0231,Machine Learning,29,35,0,78.9,46,17,91.9,2026-02-14,133.95,High,Dropped
STU0232,Data Analytics,16,27,7,20.8,51,20,49.2,2026-03-01,117.7,High,In Progress
STU0233,Python Programming,27,46,1,91.8,37,11,42.0,2025-12-04,100.3,High,Dropped
STU0234,Machine Learning,28,3,3,96.0,59,13,75.9,2025-11-20,115.85,High,Dropped
STU0235,Python Programming,12,20,3,67.9,82,24,49.6,2026-03-06,105.8,High,Dropped
STU0236,Python Programming,22,2,7,53.1,98,12,49.0,2026-04-05,103.1,High,In Progress
STU0237,Power BI,21,18,13,48.3,72,10,81.7,2026-05-06,136.75,High,Completed
STU0238,Cloud Computing,1,38,8,6.7,85,23,48.8,2026-01-23,107.3,High,In Progress
STU0239,Python Programming,12,46,14,60.9,54,0,73.6,2025-12-08,110.6,High,Completed
STU0240,Power BI,18,33,1,65.0,64,0,89.5,2026-03-21,84.65,Medium,Dropped
STU0241,Data Analytics,26,22,6,17.7,80,17,89.3,2025-11-21,142.25,High,In Progress
STU0242,Python Programming,10,44,0,114.3,95,2,93.8,2025-12-11,79.1,Medium,Dropped
STU0243,Cloud Computing,9,6,8,8.1,66,8,82.5,2025-11-14,96.55,High,In Progress
STU0244,Web Development,8,8,1,75.8,96,14,88.9,2025-11-19,89.85,Medium,Dropped
STU0245,SQL,7,11,3,67.3,40,21,67.1,2026-04-14,98.35,High,Dropped
STU0246,Power BI,3,41,11,88.3,46,22,79.0,2025-12-26,133.3,High,Completed
STU0247,Web Development,25,45,2,27.9,89,13,60.2,2025-11-28,113.1,High,Dropped
STU0248,Power BI,8,29,6,53.2,66,18,49.7,2026-04-07,99.55,High,In Progress
STU0249,SQL,6,18,2,29.0,90,8,69.6,2026-03-07,71.2,Medium,Dropped
STU0250,Cloud Computing,28,10,2,82.3,88,14,55.5,2026-02-17,106.75,High,Dropped
STU0251,Machine Learning,12,49,13,115.4,92,23,65.5,2026-02-09,150.45,High,In Progress
STU0252,SQL,4,28,11,92.6,94,23,72.6,2026-01-01,129.7,High,Completed
STU0253,AI Fundamentals,19,32,8,53.8,68,3,65.3,2026-03-15,100.75,High,In Progress
STU0254,Web Development,10,12,2,75.5,74,20,84.0,2026-03-30,106.6,High,Dropped
STU0255,Python Programming,3,26,7,49.8,76,11,62.4,2026-04-09,86.5,Medium,In Progress
STU0256,Data Analytics,2,37,4,10.2,75,21,92.2,2026-02-13,114.2,High,Dropped
STU0257,AI Fundamentals,15,14,7,70.4,36,6,49.8,2026-01-15,84.6,Medium,In Progress
STU0258,Python Programming,27,25,8,49.1,69,4,40.5,2026-03-25,100.25,High,In Progress
STU0259,Python Programming,1,40,11,17.4,79,22,67.2,2026-04-05,124.1,High,In Progress
STU0260,Power BI,11,10,2,54.2,44,11,89.7,2026-03-18,92.35,High,Dropped
STU0261,SQL,1,5,3,71.4,35,24,50.0,2026-02-26,85.0,Medium,Dropped
STU0262,Machine Learning,20,28,8,73.5,81,4,72.0,2025-12-25,106.4,High,In Progress
STU0263,Web Development,17,49,7,97.1,62,14,92.1,2025-11-29,135.25,High,In Progress
STU0264,Python Programming,12,20,1,118.4,71,19,43.1,2026-01-30,86.55,Medium,Dropped
STU0265,Power BI,1,35,5,23.2,93,4,46.2,2025-11-23,58.1,Medium,In Progress
STU0266,Web Development,19,14,11,19.5,87,17,97.9,2026-01-31,148.65,High,Completed
STU0267,SQL,11,34,8,77.4,91,6,67.3,2026-04-09,96.35,High,In Progress
STU0268,Machine Learning,15,43,1,42.4,72,19,47.5,2026-03-15,100.15,High,Dropped
STU0269,AI Fundamentals,13,16,1,25.8,42,17,51.3,2026-01-16,86.95,Medium,Dropped
STU0270,SQL,23,8,12,54.4,39,14,50.6,2026-01-09,126.2,High,In Progress
STU0271,Data Analytics,2,1,6,117.5,77,9,41.1,2025-11-26,59.85,Medium,In Progress
STU0272,SQL,18,17,9,104.5,80,3,80.6,2026-01-27,105.4,High,In Progress
STU0273,Python Programming,19,31,13,48.5,96,1,100.0,2026-03-21,128.8,High,Completed
STU0274,Machine Learning,6,9,0,50.0,82,12,86.9,2026-01-11,79.15,Medium,Dropped
STU0275,SQL,13,31,8,14.9,38,5,66.3,2025-12-22,95.95,High,In Progress
STU0276,Python Programming,2,18,12,96.1,35,23,57.8,2026-05-08,119.3,High,In Progress
STU0277,Python Programming,7,25,4,40.3,49,20,62.8,2026-04-29,101.4,High,Dropped
STU0278,Machine Learning,29,25,0,30.0,69,11,40.9,2025-11-12,93.45,High,Dropped
STU0279,SQL,11,35,7,80.8,80,8,62.8,2025-11-24,95.4,High,In Progress
STU0280,SQL,26,8,1,58.5,60,24,62.8,2026-01-28,123.8,High,Dropped
STU0281,Power BI,2,48,4,31.0,49,10,85.9,2026-01-18,92.35,High,Dropped
STU0282,Web Development,6,46,1,86.4,77,12,89.3,2025-12-04,94.45,High,Dropped
STU0283,Power BI,11,16,14,10.4,49,24,79.3,2026-04-29,150.95,High,Completed
STU0284,SQL,19,15,3,112.3,53,1,50.0,2026-02-05,69.0,Medium,Dropped
STU0285,AI Fundamentals,4,48,4,35.6,61,14,71.9,2025-11-20,96.35,High,Dropped
STU0286,SQL,8,16,9,74.0,52,1,56.4,2025-11-24,74.0,Medium,In Progress
STU0287,Data Analytics,4,26,8,63.7,41,11,50.9,2026-01-07,85.25,Medium,In Progress
STU0288,Python Programming,13,31,6,36.8,76,9,95.1,2025-12-18,112.35,High,In Progress
STU0289,Cloud Computing,20,4,5,97.1,35,11,42.6,2026-04-09,89.5,Medium,In Progress
STU0290,SQL,10,47,10,2.3,56,21,70.9,2026-04-16,136.55,High,Completed
STU0291,Data Analytics,28,9,9,27.0,44,23,64.7,2026-03-08,150.05,High,In Progress
STU0292,Data Analytics,29,42,7,92.9,83,4,58.1,2026-04-23,114.15,High,In Progress
STU0293,Web Development,24,19,3,52.0,52,18,77.4,2026-01-15,125.4,High,Dropped
STU0294,Machine Learning,1,5,14,29.8,67,22,72.1,2025-11-15,125.05,High,Completed
STU0295,SQL,22,48,4,77.8,66,10,53.9,2025-12-24,106.35,High,Dropped
STU0296,Machine Learning,14,13,12,8.9,59,1,56.5,2026-03-23,91.15,High,In Progress
STU0297,AI Fundamentals,7,21,1,49.7,73,8,81.5,2026-04-10,76.55,Medium,Dropped
STU0298,Cloud Computing,7,24,11,98.6,76,6,86.4,2025-12-19,105.9,High,Completed
STU0299,Data Analytics,4,40,4,107.5,37,8,59.4,2026-02-14,75.7,Medium,Dropped
STU0300,Python Programming,27,6,8,74.8,47,16,89.9,2026-04-20,143.25,High,In Progress
STU0301,Python Programming,28,5,11,29.6,55,7,92.8,2026-01-31,136.9,High,Completed
STU0302,Machine Learning,18,3,5,29.2,92,2,51.4,2026-03-29,72.6,Medium,In Progress
STU0303,Data Analytics,2,23,11,80.1,69,1,66.8,2026-02-19,78.3,Medium,In Progress
STU0304,Web Development,20,8,5,68.4,70,4,50.5,2026-03-14,80.65,Medium,In Progress
STU0305,Machine Learning,15,16,9,13.4,89,15,40.1,2025-12-04,104.35,High,In Progress
STU0306,Cloud Computing,16,12,7,95.9,50,12,47.2,2025-12-09,96.2,High,In Progress
STU0307,Machine Learning,19,40,5,119.1,99,24,80.3,2026-04-11,143.65,High,In Progress
STU0308,Data Analytics,20,6,5,12.5,66,0,76.5,2026-03-28,85.05,Medium,In Progress
STU0309,SQL,12,38,3,85.6,48,3,58.2,2026-02-22,73.5,Medium,Dropped
STU0310,Web Development,18,45,1,46.9,36,24,73.2,2026-04-21,128.1,High,Dropped
STU0311,Data Analytics,11,3,3,35.0,60,3,92.4,2026-02-01,78.6,Medium,Dropped
STU0312,Web Development,6,35,5,60.6,94,4,63.5,2025-11-14,74.25,Medium,In Progress
STU0313,Power BI,12,47,0,15.7,79,2,80.5,2026-05-06,76.35,Medium,Dropped
STU0314,Power BI,10,30,13,97.1,41,19,89.1,2026-02-18,145.55,High,Completed
STU0315,Python Programming,15,21,2,22.5,36,2,60.8,2026-02-15,69.2,Medium,Dropped
STU0316,Web Development,20,18,9,99.1,59,21,58.8,2025-11-30,133.8,High,In Progress
STU0317,Cloud Computing,14,1,13,108.0,86,2,97.2,2026-02-20,112.9,High,Completed
STU0318,Machine Learning,6,25,12,45.4,42,20,41.5,2025-11-19,113.25,High,In Progress
STU0319,Power BI,25,15,3,11.4,46,12,96.2,2026-05-08,123.1,High,Dropped
STU0320,Machine Learning,20,18,12,14.5,40,10,77.2,2026-04-16,130.0,High,Completed
STU0321,Machine Learning,28,23,2,47.6,39,18,51.5,2026-02-06,116.65,High,Dropped
STU0322,Cloud Computing,25,2,13,119.4,65,23,57.8,2025-11-24,152.0,High,In Progress
STU0323,Data Analytics,23,19,8,18.8,62,13,46.1,2026-01-10,113.25,High,In Progress
STU0324,Machine Learning,16,16,11,74.9,38,6,53.7,2026-01-15,100.65,High,In Progress
STU0325,Web Development,5,39,11,38.1,86,3,71.6,2026-03-29,94.0,High,Completed
STU0326,Cloud Computing,7,37,3,49.8,41,21,89.7,2026-03-05,117.45,High,Dropped
STU0327,Power BI,5,22,4,3.3,36,20,41.2,2026-03-01,86.7,Medium,Dropped
STU0328,SQL,15,21,9,82.4,73,4,52.9,2026-04-17,90.25,High,In Progress
STU0329,Machine Learning,21,26,1,76.3,87,17,43.9,2025-11-10,98.25,High,Dropped
STU0330,Python Programming,4,17,2,33.4,45,20,90.7,2025-11-11,102.45,High,Dropped
STU0331,Cloud Computing,23,26,13,19.7,86,15,84.2,2026-04-24,153.4,High,Completed
STU0332,Data Analytics,8,35,8,74.5,63,5,63.5,2025-12-06,88.25,Medium,In Progress
STU0333,AI Fundamentals,10,13,0,114.7,51,23,58.9,2025-11-15,94.35,High,Dropped
STU0334,Power BI,1,2,11,11.0,44,17,42.3,2025-11-29,90.25,High,In Progress
STU0335,Power BI,28,40,4,99.4,68,7,93.7,2025-11-26,126.85,High,Dropped
STU0336,AI Fundamentals,8,49,14,106.9,79,18,46.3,2026-03-17,127.85,High,In Progress
STU0337,Web Development,12,1,6,82.3,77,0,44.3,2025-11-13,58.45,Medium,In Progress
STU0338,SQL,24,35,7,6.2,54,20,63.3,2026-04-13,139.15,High,In Progress
STU0339,Power BI,14,36,10,116.5,41,18,51.1,2026-03-18,123.35,High,In Progress
STU0340,Power BI,11,5,4,79.9,42,9,41.3,2025-12-16,68.65,Medium,Dropped
STU0341,Data Analytics,16,28,0,36.9,59,8,62.9,2025-11-29,79.85,Medium,Dropped
STU0342,Power BI,18,3,0,32.1,75,24,71.8,2026-02-14,111.8,High,Dropped
STU0343,Cloud Computing,18,10,4,16.8,36,21,69.2,2025-11-25,118.6,High,Dropped
STU0344,Web Development,16,32,11,20.5,44,14,46.6,2025-12-21,117.9,High,In Progress
STU0345,SQL,18,9,8,46.4,56,19,54.4,2025-12-06,118.9,High,In Progress
STU0346,Python Programming,21,44,2,106.7,55,2,80.3,2026-03-26,94.85,High,Dropped
STU0347,SQL,23,39,0,32.5,81,17,78.2,2026-03-10,119.3,High,Dropped
STU0348,Web Development,21,8,13,88.0,41,22,79.4,2026-03-27,156.6,High,Completed
STU0349,Cloud Computing,11,22,5,118.2,56,12,49.9,2026-02-22,87.05,Medium,In Progress
STU0350,Web Development,29,21,14,12.8,84,14,70.4,2025-12-06,155.0,High,Completed
STU0351,Data Analytics,24,44,12,50.8,71,0,70.5,2026-04-02,120.45,High,Completed
STU0352,Python Programming,22,19,6,83.3,73,11,78.2,2026-05-04,117.8,High,In Progress
STU0353,SQL,5,47,7,56.5,50,7,54.8,2026-02-25,84.0,Medium,In Progress
STU0354,Machine Learning,5,3,0,34.8,98,9,79.5,2026-01-19,66.15,Medium,Dropped
STU0355,SQL,25,10,4,88.5,61,1,61.3,2026-01-30,85.15,Medium,Dropped
STU0356,Data Analytics,13,9,3,63.9,92,21,90.0,2026-02-09,118.2,High,Dropped
STU0357,Python Programming,14,14,8,115.1,54,10,85.4,2025-11-29,111.9,High,In Progress
STU0358,Cloud Computing,23,6,7,61.2,92,3,63.1,2026-03-12,94.85,High,In Progress
STU0359,Web Development,4,20,9,106.6,60,4,79.8,2026-01-18,86.9,Medium,In Progress
STU0360,Web Development,22,40,6,2.4,72,13,61.3,2025-12-17,119.65,High,In Progress
STU0361,Cloud Computing,25,45,3,49.5,38,13,83.4,2026-03-24,127.7,High,Dropped
STU0362,Python Programming,5,16,9,68.3,38,23,76.2,2026-02-10,123.4,High,In Progress
STU0363,Cloud Computing,2,30,1,73.1,94,18,69.9,2026-04-13,85.95,Medium,Dropped
STU0364,Power BI,14,19,5,84.1,64,5,52.6,2026-04-29,78.0,Medium,In Progress
STU0365,SQL,4,19,12,19.4,89,16,66.0,2026-02-09,112.7,High,In Progress
STU0366,Data Analytics,18,49,10,96.6,81,10,84.0,2026-03-01,133.7,High,Completed
STU0367,Cloud Computing,22,45,0,51.7,38,19,87.1,2026-01-17,128.05,High,Dropped
STU0368,Data Analytics,27,15,5,119.0,43,15,52.2,2025-11-27,116.1,High,In Progress
STU0369,Power BI,20,10,1,21.5,85,20,43.4,2026-05-08,97.7,High,Dropped
STU0370,Web Development,3,46,9,105.0,98,4,68.9,2026-02-13,87.75,Medium,In Progress
STU0371,Cloud Computing,21,10,4,85.3,38,6,94.2,2025-12-17,105.6,High,Dropped
STU0372,Python Programming,3,1,7,88.1,75,21,53.5,2025-12-15,94.55,High,In Progress
STU0373,Web Development,12,31,3,79.5,70,20,44.1,2026-05-10,98.35,High,Dropped
STU0374,Web Development,12,42,13,6.3,41,2,56.5,2026-04-07,101.85,High,In Progress
STU0375,Python Programming,14,10,5,52.6,78,8,69.3,2026-01-24,89.65,Medium,In Progress
STU0376,SQL,24,43,3,75.1,91,20,71.9,2026-03-17,133.85,High,Dropped
STU0377,SQL,1,27,6,12.2,49,17,83.9,2026-03-15,103.55,High,In Progress
STU0378,Cloud Computing,11,20,7,68.1,55,9,89.7,2026-02-05,106.35,High,In Progress
STU0379,Web Development,24,14,8,60.3,55,17,48.7,2026-04-15,122.55,High,In Progress
STU0380,Cloud Computing,23,26,4,68.7,53,18,98.3,2026-03-01,139.45,High,Dropped
STU0381,SQL,12,41,0,19.8,67,16,98.8,2025-12-29,111.7,High,Dropped
STU0382,Machine Learning,29,34,11,87.3,75,6,82.5,2025-12-23,139.95,High,Completed
STU0383,Power BI,17,34,5,28.7,99,9,49.9,2026-03-22,93.65,High,In Progress
STU0384,Cloud Computing,2,22,8,80.9,50,15,67.6,2026-03-08,97.4,High,In Progress
STU0385,Cloud Computing,7,22,11,9.3,74,5,88.4,2025-12-24,104.3,High,Completed
STU0386,Machine Learning,10,35,2,94.8,98,6,92.3,2026-04-04,89.65,Medium,Dropped
STU0387,SQL,26,4,13,91.0,49,23,47.6,2026-04-04,149.0,High,In Progress
STU0388,Cloud Computing,15,22,3,104.7,61,8,73.6,2026-04-25,90.9,High,Dropped
STU0389,Data Analytics,28,26,0,5.2,59,23,67.8,2026-03-16,129.7,High,Dropped
STU0390,SQL,8,44,0,48.1,40,6,79.4,2026-05-10,76.9,Medium,Dropped
STU0391,SQL,25,43,2,54.0,45,23,51.2,2026-02-06,128.0,High,Dropped
STU0392,Power BI,8,24,11,95.6,70,4,78.1,2026-01-27,99.25,High,Completed
STU0393,Cloud Computing,23,9,14,25.1,76,19,73.5,2026-03-05,153.95,High,Completed
STU0394,Web Development,2,7,2,44.8,61,17,50.1,2025-12-26,70.15,Medium,Dropped
STU0395,AI Fundamentals,6,33,11,25.8,42,4,84.0,2026-05-01,101.9,High,Completed
STU0396,AI Fundamentals,16,43,4,54.0,53,8,88.2,2026-02-21,109.0,High,Dropped
STU0397,AI Fundamentals,14,16,0,51.3,55,12,59.4,2026-02-23,79.5,Medium,Dropped
STU0398,Power BI,28,38,9,52.4,61,4,73.6,2026-04-04,125.2,High,In Progress
STU0399,AI Fundamentals,1,4,8,99.1,60,4,98.4,2026-03-22,83.9,Medium,In Progress
STU0400,Machine Learning,28,29,8,98.6,84,5,82.6,2026-03-16,126.0,High,In Progress
STU0401,Python Programming,12,11,1,99.0,37,11,60.1,2026-04-26,76.35,Medium,Dropped
STU0402,SQL,26,48,4,15.3,96,0,54.4,2025-12-13,92.6,High,Dropped
STU0403,Web Development,20,34,8,89.3,92,10,79.1,2025-12-05,123.75,High,In Progress
STU0404,Python Programming,16,22,0,101.3,45,14,55.2,2026-03-08,86.2,Medium,Dropped
STU0405,Power BI,1,20,12,81.8,74,23,44.2,2026-01-16,111.6,High,In Progress
STU0406,SQL,7,6,8,79.3,35,7,44.4,2026-04-16,72.5,Medium,In Progress
STU0407,Power BI,3,4,9,62.5,72,14,52.8,2025-11-28,87.1,Medium,In Progress
STU0408,Power BI,3,46,3,112.7,51,6,88.4,2025-11-17,83.5,Medium,Dropped
STU0409,Machine Learning,28,13,14,32.7,40,22,50.1,2026-01-07,156.95,High,In Progress
STU0410,Data Analytics,2,46,5,28.8,96,2,64.8,2026-01-23,68.2,Medium,In Progress
STU0411,Data Analytics,14,20,0,7.0,48,5,56.8,2026-03-02,65.4,Medium,Dropped
STU0412,Power BI,16,19,13,109.5,76,18,88.3,2026-02-14,148.85,High,Completed
STU0413,AI Fundamentals,20,45,6,75.3,53,14,67.0,2026-01-07,123.0,High,In Progress
STU0414,Python Programming,24,38,4,65.8,74,16,54.5,2026-02-27,118.65,High,Dropped
STU0415,AI Fundamentals,1,25,13,72.6,93,13,84.6,2026-04-13,116.3,High,Completed
STU0416,Cloud Computing,4,4,11,102.6,75,23,51.1,2026-05-06,111.75,High,In Progress
STU0417,Power BI,23,16,12,100.9,82,11,75.0,2026-01-20,134.8,High,Completed
STU0418,Cloud Computing,14,21,14,79.7,82,19,53.2,2026-01-07,133.9,High,In Progress
STU0419,AI Fundamentals,12,33,4,13.1,95,8,80.2,2026-02-14,96.0,High,Dropped
STU0420,Cloud Computing,17,34,7,114.8,42,12,81.7,2026-03-10,121.55,High,In Progress
STU0421,Power BI,8,12,5,53.3,81,14,76.1,2026-01-17,96.65,High,In Progress
STU0422,Machine Learning,26,29,5,73.6,85,5,75.5,2025-11-15,110.45,High,In Progress
STU0423,Data Analytics,29,4,6,62.5,62,3,63.1,2026-04-01,100.25,High,In Progress
STU0424,Python Programming,13,3,5,33.0,68,22,99.0,2026-04-16,128.9,High,In Progress
STU0425,Cloud Computing,8,23,5,10.4,59,17,61.7,2026-04-29,98.75,High,In Progress
STU0426,Power BI,12,6,9,109.1,99,24,59.9,2026-04-08,124.75,High,In Progress
STU0427,Machine Learning,17,35,7,57.4,82,12,68.5,2026-01-15,115.25,High,In Progress
STU0428,AI Fundamentals,17,13,12,2.6,80,16,53.1,2025-11-21,123.95,High,In Progress
STU0429,Data Analytics,11,20,11,35.6,73,20,66.3,2025-11-17,128.65,High,In Progress
STU0430,Power BI,10,43,5,111.9,43,23,45.2,2025-12-13,111.5,High,In Progress
STU0431,Python Programming,9,17,7,64.7,93,6,74.5,2025-12-15,88.85,Medium,In Progress
STU0432,AI Fundamentals,7,13,10,7.3,45,12,95.8,2026-01-05,116.3,High,Completed
STU0433,Machine Learning,13,1,7,51.8,95,20,55.5,2026-04-03,108.55,High,In Progress
STU0434,AI Fundamentals,29,48,0,99.2,42,24,78.2,2026-01-08,145.0,High,Dropped
STU0435,Web Development,23,30,12,99.9,83,14,92.3,2026-01-09,153.65,High,Completed
STU0436,AI Fundamentals,18,2,3,47.3,70,17,45.5,2026-03-06,93.35,High,Dropped
STU0437,Cloud Computing,15,28,7,90.6,49,8,96.5,2025-11-24,116.15,High,In Progress
STU0438,AI Fundamentals,29,41,9,44.7,44,13,78.2,2025-11-25,147.9,High,In Progress
STU0439,Machine Learning,22,9,8,20.2,37,19,78.3,2025-12-06,136.85,High,In Progress
STU0440,AI Fundamentals,21,2,12,9.8,50,7,89.2,2026-04-23,126.7,High,Completed
STU0441,AI Fundamentals,9,12,2,55.0,89,12,64.0,2026-01-19,79.1,Medium,Dropped
STU0442,SQL,5,21,13,67.9,59,22,89.0,2026-01-28,141.3,High,Completed
STU0443,Power BI,6,28,4,83.7,52,3,80.4,2026-03-30,75.6,Medium,Dropped
STU0444,SQL,23,9,4,103.7,64,11,87.9,2025-12-06,115.15,High,Dropped
STU0445,AI Fundamentals,3,3,11,70.4,75,22,59.1,2026-02-15,111.95,High,In Progress
STU0446,Power BI,16,32,9,45.7,67,23,62.5,2026-04-09,137.85,High,In Progress
STU0447,SQL,24,28,4,78.2,71,23,85.7,2026-02-05,145.25,High,Dropped
STU0448,AI Fundamentals,15,20,2,5.0,94,17,78.2,2025-11-10,107.6,High,Dropped
STU0449,Python Programming,11,47,14,95.4,45,16,46.1,2025-11-18,127.65,High,In Progress
STU0450,SQL,5,8,1,101.3,90,11,73.6,2026-03-07,71.7,Medium,Dropped
STU0451,Power BI,4,49,12,116.7,64,23,98.6,2026-01-20,152.0,High,Completed
STU0452,SQL,3,11,12,47.3,61,13,41.9,2026-04-15,90.75,High,In Progress
STU0453,Web Development,27,42,2,4.8,93,14,69.3,2025-12-31,121.75,High,Dropped
STU0454,Web Development,10,37,9,15.7,76,4,68.4,2025-12-04,95.3,High,In Progress
STU0455,Python Programming,6,4,1,99.6,63,12,76.4,2025-12-28,75.4,Medium,Dropped
STU0456,Machine Learning,20,17,12,116.5,56,3,98.8,2026-02-04,126.5,High,Completed
STU0457,Machine Learning,9,49,12,65.9,87,22,66.4,2025-12-23,141.4,High,In Progress
STU0458,Power BI,10,34,12,25.0,80,11,54.1,2025-11-17,110.25,High,In Progress
STU0459,Cloud Computing,11,39,3,43.0,97,23,100.0,2026-01-27,133.2,High,Dropped
STU0460,Machine Learning,13,47,1,59.7,85,16,84.1,2025-12-21,110.65,High,Dropped
STU0461,Power BI,18,40,5,69.2,53,4,83.8,2026-03-20,103.9,High,In Progress
STU0462,Python Programming,8,28,4,58.1,70,21,53.7,2026-02-21,101.25,High,Dropped
STU0463,Cloud Computing,27,34,10,43.7,81,11,42.3,2026-03-22,123.85,High,In Progress
STU0464,Cloud Computing,22,11,6,16.7,90,19,68.0,2026-03-15,126.3,High,In Progress
STU0465,Web Development,26,12,5,19.6,53,15,45.6,2025-12-06,110.4,High,In Progress
STU0466,AI Fundamentals,20,32,5,71.5,67,23,66.5,2026-01-10,133.85,High,In Progress
STU0467,Cloud Computing,27,11,8,44.7,85,20,98.8,2026-05-01,157.2,High,In Progress
STU0468,Data Analytics,18,28,2,73.0,38,6,97.4,2026-03-14,102.1,High,Dropped
STU0469,Power BI,16,9,7,102.8,53,5,55.4,2026-01-16,85.4,Medium,In Progress
STU0470,Cloud Computing,5,13,14,75.9,65,22,41.1,2026-01-02,117.95,High,In Progress
STU0471,Cloud Computing,22,29,5,87.3,88,9,48.1,2026-03-17,98.75,High,In Progress
STU0472,Data Analytics,21,16,11,96.9,58,2,52.6,2026-03-15,99.6,High,In Progress
STU0473,Cloud Computing,25,30,14,118.9,42,16,45.4,2026-02-18,143.2,High,In Progress
STU0474,AI Fundamentals,7,3,0,42.3,71,0,44.1,2026-03-30,33.45,Low,Dropped
STU0475,Data Analytics,13,40,7,92.7,35,3,82.0,2026-02-01,99.5,High,In Progress
STU0476,Web Development,8,23,8,87.3,38,5,58.4,2026-04-17,82.1,Medium,In Progress
STU0477,SQL,8,3,13,97.4,79,1,40.4,2025-12-08,74.1,Medium,In Progress
STU0478,Cloud Computing,19,38,1,11.1,68,9,54.5,2026-05-08,88.15,Medium,Dropped
STU0479,Cloud Computing,6,2,1,85.8,90,14,52.7,2026-04-23,66.95,Medium,Dropped
STU0480,Power BI,2,39,2,96.8,89,21,59.3,2026-02-21,92.35,High,Dropped
STU0481,AI Fundamentals,21,39,0,66.8,64,20,42.0,2025-11-11,104.2,High,Dropped
STU0482,Power BI,19,19,8,91.6,65,16,83.2,2026-02-28,131.8,High,In Progress
STU0483,SQL,10,10,3,75.7,86,19,81.0,2026-01-19,105.5,High,Dropped
STU0484,Cloud Computing,14,28,13,99.1,58,14,73.2,2026-03-23,133.0,High,Completed
STU0485,AI Fundamentals,4,13,10,93.5,46,22,49.5,2026-04-07,108.65,High,In Progress
STU0486,Data Analytics,2,18,7,76.3,83,14,46.2,2026-03-14,80.5,Medium,In Progress
STU0487,Cloud Computing,17,29,9,86.4,72,16,43.8,2026-01-24,115.1,High,In Progress
STU0488,Web Development,18,8,8,42.2,78,24,45.0,2025-11-10,123.9,High,In Progress
STU0489,Cloud Computing,28,11,8,44.5,53,8,90.6,2026-01-07,130.6,High,In Progress
STU0490,Machine Learning,12,4,3,109.0,85,12,65.3,2026-01-22,84.85,Medium,Dropped
STU0491,AI Fundamentals,6,48,7,115.8,71,16,81.2,2026-04-02,117.0,High,In Progress
STU0492,Machine Learning,26,29,0,111.8,89,9,48.3,2025-11-11,89.85,Medium,Dropped
STU0493,Data Analytics,21,21,10,80.6,67,23,85.7,2025-12-07,156.65,High,Completed
STU0494,Cloud Computing,17,4,14,113.4,55,19,86.9,2026-04-10,150.15,High,Completed
STU0495,Data Analytics,12,37,9,14.4,82,6,70.0,2026-02-24,103.1,High,In Progress
STU0496,Python Programming,9,35,14,15.1,47,17,73.1,2025-12-20,136.55,High,Completed
STU0497,Cloud Computing,4,31,1,27.0,72,10,83.8,2026-01-13,80.2,Medium,Dropped
STU0498,Machine Learning,22,33,3,82.0,79,12,57.7,2025-12-12,104.75,High,Dropped
STU0499,AI Fundamentals,24,8,6,16.8,37,5,78.7,2026-03-10,105.75,High,In Progress
STU0500,Machine Learning,21,28,7,57.2,99,3,45.1,2026-02-19,89.45,Medium,In Progress
